{"CookieSPAEnabled":false,"CookieSameSiteNoneEnabled":false,"CookieV2CSPEnabled":false,"MultiVariantTestingEnabled":false,"UseV2":true,"MobileSDK":false,"SkipGeolocation":false,"ScriptType":"PRODUCTION","Version":"202508.1.0","OptanonDataJSON":"3f9d6eb2-2cef-47c1-96ca-b738c2c82e13","GeolocationUrl":"https://geolocation.onetrust.com/cookieconsentpub/v1/geo/location","BulkDomainCheckUrl":"https://cookies-data.onetrust.io/bannersdk/v1/domaingroupcheck","RuleSet":[{"Id":"01931f85-1f83-7807-8008-a9f9b1b49b16","Name":"Opt-in","Countries":["br","eg","hk","mp","th","kr","vn","ng","id","my","ua"],"States":{},"LanguageSwitcherPlaceholder":{"no":"no","de":"de","ru":"ru","fi":"fi","pt":"pt","fr":"fr","zh-cn":"zh-cn","default":"en","uk":"uk","sv":"sv","ko":"ko","pt-br":"pt-br","ms":"ms","zh-hans":"zh-hans","el":"el","it":"it","es-mx":"es-mx","es":"es","fr-ca":"fr-ca","zh":"zh","ar":"ar","vi":"vi","th":"th","ja":"ja","id-id":"id-id","pl":"pl","da":"da","tr":"tr","nl":"nl"},"BannerPushesDown":false,"Default":false,"Global":false,"Type":"GDPR","UseGoogleVendors":false,"VariantEnabled":false,"TestEndTime":null,"Variants":[],"TemplateName":"Global Blue","Conditions":[],"GCEnable":false,"IsGPPEnabled":false,"EnableJWTAuthForKnownUsers":false},{"Id":"01931f85-17be-7146-9e0b-3b089f4d2a64","Name":"Global","Countries":["pr","ps","hm","hn","pw","py","ht","ye","il","ad","im","af","in","ag","io","za","iq","ai","ir","al","am","ao","aq","as","zm","au","aw","az","je","zw","ba","bb","rs","bd","jm","bf","rw","jo","bh","bi","bj","bl","bm","bn","bo","sa","sb","bq","sc","bs","sd","bt","bv","sh","bw","by","sj","bz","sl","ke","sn","so","kg","kh","ki","ca","sr","ss","cc","cd","st","km","sv","cf","kn","cg","kp","sx","ci","sy","sz","ck","cl","cm","kw","ky","cr","tc","kz","td","cu","tf","cv","tg","cw","cx","la","tj","lb","tk","lc","tl","tm","tn","to","lk","tt","tv","tz","lr","dj","ls","dm","do","ly","ug","ma","dz","md","um","me","mg","mh","mk","ec","ml","mm","mn","mo","eh","uy","uz","mr","ms","mu","mv","mw","va","vc","er","ve","et","vg","vi","na","ne","nf","ni","vu","np","fj","nr","fk","nu","fm","fo","nz","wf","ga","ws","gd","ge","om","gg","gh","gi","gl","gm","gn","gq","gs","gt","gu","gw","pa","xk","pe","pf","ph","pk","pm","pn"],"States":{},"LanguageSwitcherPlaceholder":{"no":"no","de":"de","ru":"ru","fi":"fi","pt":"pt","fr":"fr","zh-cn":"zh-cn","default":"en","uk":"uk","sv":"sv","ko":"ko","pt-br":"pt-br","ms":"ms","zh-hans":"zh-hans","el":"el","it":"it","es-mx":"es-mx","es":"es","fr-ca":"fr-ca","zh":"zh","ar":"ar","vi":"vi","th":"th","ja":"ja","id-id":"id-id","pl":"pl","da":"da","tr":"tr","nl":"nl"},"BannerPushesDown":false,"Default":true,"Global":true,"Type":"GDPR","UseGoogleVendors":false,"VariantEnabled":false,"TestEndTime":null,"Variants":[],"TemplateName":"Global Blue","Conditions":[],"GCEnable":false,"IsGPPEnabled":false,"EnableJWTAuthForKnownUsers":false},{"Id":"01931f85-17be-7c57-87ad-a0b0693081fe","Name":"EU type Opt-in","Countries":["no","de","fi","be","pt","bg","dk","lt","lu","lv","hr","fr","hu","se","mc","si","sk","mf","sm","gb","yt","ie","gf","ee","mq","ch","mt","gp","is","it","gr","es","re","at","nc","cy","ax","cz","pl","ro","li","tr","nl"],"States":{},"LanguageSwitcherPlaceholder":{"no":"no","de":"de","default":"en","sv":"sv","fi":"fi","el":"el","it":"it","pl":"pl","fr":"fr","da":"da","tr":"tr","nl":"nl"},"BannerPushesDown":false,"Default":false,"Global":false,"Type":"GDPR","UseGoogleVendors":false,"VariantEnabled":false,"TestEndTime":null,"Variants":[],"TemplateName":"Global Blue with Reject All","Conditions":[],"GCEnable":false,"IsGPPEnabled":false,"EnableJWTAuthForKnownUsers":false},{"Id":"01931f85-17be-7588-b7cc-39102a07520c","Name":"US Opt-out","Countries":["us"],"States":{},"LanguageSwitcherPlaceholder":{"no":"no","default":"en","pl":"pl","fr":"fr","es":"es"},"BannerPushesDown":false,"Default":false,"Global":false,"Type":"CPRA","UseGoogleVendors":false,"VariantEnabled":false,"TestEndTime":null,"Variants":[],"TemplateName":"US CPRA","Conditions":[],"GCEnable":false,"IsGPPEnabled":false,"EnableJWTAuthForKnownUsers":false},{"Id":"01931f85-17be-76d3-9afd-1e1d69d7d88b","Name":"Opt-out no pop-up","Countries":["ar","ru","mx","cn","co"],"States":{},"LanguageSwitcherPlaceholder":{"no":"no","de":"de","ru":"ru","fi":"fi","pt":"pt","fr":"fr","zh-cn":"zh-cn","default":"en","uk":"uk","sv":"sv","ko":"ko","pt-br":"pt-br","ms":"ms","zh-hans":"zh-hans","el":"el","it":"it","es-mx":"es-mx","es":"es","fr-ca":"fr-ca","zh":"zh","ar":"ar","vi":"vi","th":"th","ja":"ja","id-id":"id-id","pl":"pl","da":"da","tr":"tr","nl":"nl"},"BannerPushesDown":false,"Default":false,"Global":false,"Type":"GDPR","UseGoogleVendors":false,"VariantEnabled":false,"TestEndTime":null,"Variants":[],"TemplateName":"Global Blue","Conditions":[],"GCEnable":false,"IsGPPEnabled":false,"EnableJWTAuthForKnownUsers":false},{"Id":"01931f85-17be-71b7-8bcd-c2f8a7c87d84","Name":"Notify only","Countries":["qa","gy","tw","ae","sg","jp","pg","mz"],"States":{},"LanguageSwitcherPlaceholder":{"no":"no","de":"de","sv":"sv","ru":"ru","fi":"fi","pt":"pt","ko":"ko","zh-hans":"zh-hans","el":"el","it":"it","zh-cn":"zh-cn","es":"es","fr-ca":"fr-ca","zh":"zh","ar":"ar","default":"en","th":"th","fr-be":"fr-be","ja":"ja","id-id":"id-id","fr-lu":"fr-lu","pl":"pl","fr-fr":"fr-fr","tr":"tr","nl":"nl"},"BannerPushesDown":false,"Default":false,"Global":false,"Type":"GDPR","UseGoogleVendors":false,"VariantEnabled":false,"TestEndTime":null,"Variants":[],"TemplateName":"Global Notify Only","Conditions":[],"GCEnable":false,"IsGPPEnabled":false,"EnableJWTAuthForKnownUsers":false}],"IabData":{"cookieVersion":"1","createdTime":"2025-08-19T13:33:50.778235098","updatedTime":"2025-08-19T13:33:50.778246842","cmpId":"28","cmpVersion":"1","consentScreen":"1","consentLanguage":null,"vendorListVersion":0,"maxVendorId":0,"encodingType":"0","globalVendorListUrl":"https://cdn.cookielaw.org/vendorlist/iabData.json"},"IabV2Data":{"cookieVersion":"1","createdTime":"2025-08-19T13:33:50.883669526","updatedTime":"2025-08-19T13:33:50.883675854","cmpId":"28","cmpVersion":"1","consentScreen":"1","consentLanguage":null,"vendorListVersion":0,"maxVendorId":0,"encodingType":"0","globalVendorListUrl":"https://cdn.cookielaw.org/vendorlist/iab2Data.json"},"Iab2V2Data":{"cookieVersion":"1","createdTime":"2025-08-19T13:33:50.987807876","updatedTime":"2025-08-19T13:33:50.987813916","cmpId":"28","cmpVersion":"1","consentScreen":"1","consentLanguage":null,"vendorListVersion":0,"maxVendorId":0,"encodingType":"0","globalVendorListUrl":"https://cdn.cookielaw.org/vendorlist/iab2V2Data.json"},"GoogleData":{"vendorListVersion":71,"googleVendorListUrl":"https://cdn.cookielaw.org/vendorlist/googleData.json"},"ScriptDynamicLoadEnabled":false,"TenantFeatures":{"CookieV2BannerFocus":true,"CookieV2RejectAll":true,"CookieV2GPC":true,"CookieV2GeolocationJsonApi":true,"CookieV2TCF21":true,"CookieV2BannerLogo":true,"ConsentStoreConsentStrings":true,"CookieV2AssignTemplateRule":true,"MobileAuthenticatedConsents":true,"CookieV2MicrosoftUET":true,"CookieV2GCMDMA":true,"CookieV2RemoveSettingsIcon":true,"CookieV2NewConsentReceiptAPI":true,"CookieV2GeneralVendors":true,"CookieV2GPP":true},"IsSuppressBanner":false,"IsSuppressPC":false,"PublisherCC":"US","Domain":"imperialoil.ca","TenantGuid":"556d380f-9307-4f7c-8b90-5eaa69099b42","EnvId":"app-prod","RemoteActionsEnabled":false,"GeoRuleGroupName":"Geolocation based consent","GATrackToggle":false,"GATrackAssignedCategory":"","WebFormIntegrationEnabled":false,"WebFormSrcUrl":"","WebFormWorkerUrl":"","GppData":{"cmpId":"28"},"AuthenticatedConsent":false,"CDNLocation":"https://cdn.cookielaw.org","RootDomainConsentEnabled":false,"RootDomainUrl":"","LanguageDetectionEnabled":true,"LanguageDetectionByHtml":true,"DataLanguage":"","DisclosureCDNUrl":"https://cdn.cookielaw.org/vendorlist/DeviceStorageDisclosureData","SEOOptimization":false}